{"IcoMoonType":"selection","icons":[{"icon":{"paths":["M637.4 537.4c-0.4-73.4 32.8-128.8 100-169.6-37.6-53.8-94.4-83.4-169.4-89.2-71-5.6-148.6 41.4-177 41.4-30 0-98.8-39.4-152.8-39.4-111.6 1.8-230.2 89-230.2 266.4q0 78.6 28.8 162.4c25.6 73.4 118 253.4 214.4 250.4 50.4-1.2 86-35.8 151.6-35.8 63.6 0 96.6 35.8 152.8 35.8 97.2-1.4 180.8-165 205.2-238.6-130.4-61.4-123.4-180-123.4-183.8zM524.2 209c54.6-64.8 49.6-123.8 48-145-48.2 2.8-104 32.8-135.8 69.8-35 39.6-55.6 88.6-51.2 143.8 52.2 4 99.8-22.8 139-68.6z"],"attrs":[{}],"width":768,"isMulticolor":false,"isMulticolor2":false,"grid":0,"tags":["apple"]},"attrs":[{}],"properties":{"order":2,"id":0,"name":"apple","prevSize":32,"code":59648},"setIdx":0,"setId":2,"iconIdx":0}],"height":1024,"metadata":{"name":"icomoon"},"preferences":{"showGlyphs":true,"showQuickUse":true,"showQuickUse2":true,"showSVGs":true,"fontPref":{"prefix":"icon-","metadata":{"fontFamily":"icomoon","majorVersion":1,"minorVersion":0},"metrics":{"emSize":1024,"baseline":6.25,"whitespace":50},"embed":false},"imagePref":{"prefix":"icon-","png":true,"useClassSelector":true,"color":0,"bgColor":16777215,"classSelector":".icon"},"historySize":50,"showCodes":true,"gridSize":16}}